,Document
0,This is test data that checks the correctness of the codes before running on the real data set. 
1,Test data is useful for testing steps of the pipeline. 
2,Finish Methodology 7. 
3,This is test data that checks the correctness of the codes before running on the real data set. 
4,Test data is useful for testing steps of the pipeline. 
5,Finish Methodology 7. 
6,This is test data that checks the correctness of the codes before running on the real data set. 
7,Test data is useful for testing steps of the pipeline. 
8,Finish Methodology 7. 
9,This is test data that checks the correctness of the codes before running on the real data set. 
10,Test data is useful for testing steps of the pipeline. 
11,Finish Methodology 7. 
12,This is test data that checks the correctness of the codes before running on the real data set. 
13,Test data is useful for testing steps of the pipeline. 
14,Finish Methodology 7. 
15,This is test data that checks the correctness of the codes before running on the real data set. 
16,Test data is useful for testing steps of the pipeline. 
17,Finish Methodology 7. 
18,This is test data that checks the correctness of the codes before running on the real data set. 
19,Test data is useful for testing steps of the pipeline. 
20,Finish Methodology 7. 
21,This is test data that checks the correctness of the codes before running on the real data set. 
22,Test data is useful for testing steps of the pipeline. 
23,Finish Methodology 7. 
24,This is test data that checks the correctness of the codes before running on the real data set. 
25,Test data is useful for testing steps of the pipeline. 
26,Finish Methodology 7. 
27,This is test data that checks the correctness of the codes before running on the real data set. 
28,Test data is useful for testing steps of the pipeline. 
29,Finish Methodology 7. 
